level,variant,n,spearman_vs_baseline,top_decile_overlap
county,hpsa_weight=0.0,2957,0.8296,0.3832
county,hpsa_weight=0.5,2957,0.9782,0.7209
county,hpsa_weight=2.0,2957,0.9861,0.8049
county,preventive_weight=0.0,2957,0.9347,0.6131
county,preventive_weight=0.5,2957,0.9861,0.8049
county,preventive_weight=2.0,2957,0.9782,0.7209
county,drop_burden_CHD,2957,0.9976,0.9035
county,drop_burden_STROKE,2957,0.9985,0.9538
county,drop_burden_BPHIGH,2957,0.9986,0.9283
county,drop_burden_DIABETES,2957,0.9984,0.9283
county,drop_burden_CSMOKING,2957,0.9971,0.9097
county,drop_burden_OBESITY,2957,0.9956,0.8974
tract,drop_burden_CHD,78815,0.9979,0.8933
tract,drop_burden_STROKE,78815,0.9989,0.9409
tract,drop_burden_BPHIGH,78815,0.9987,0.9023
tract,drop_burden_DIABETES,78815,0.998,0.9119
tract,drop_burden_CSMOKING,78815,0.9973,0.9046
tract,drop_burden_OBESITY,78815,0.9959,0.8785
